[

    {

        "id":     "0001",

        "dado1":  "Descrição 1 do id 0001",

        "dado2":  "Descrição 2 do id 0001",

        "dado3":  "Descrição 3 do id 0001",

        "dado4":  "Descrição 4 do id 0001"

    },

    {

        "id":     "0002",

        "dado1":  "Descrição 1 do id 0002",

        "dado2":  "Descrição 2 do id 0002",

        "dado3":  "Descrição 3 do id 0002",

        "dado4":  "Descrição 4 do id 0002"

    },

    {

        "id":     "0003",

        "dado1":  "Descrição 1 do id 0003",

        "dado2":  "Descrição 2 do id 0003",

        "dado3":  "Descrição 3 do id 0003",

        "dado4":  "Descrição 4 do id 0003"

    }

]